{"val/rmse":6.66238260269165,"iteration":1250,"val/r2":0.3177250027656555,"val/mae":5.188549995422363,"train/loss":35.942935943603516,"_step":134,"train/grad_norm":106.0476074545581,"train/pred_absmax":22.173830032348633,"_wandb":{"runtime":8707},"val/mse":44.38734436035156,"val/mape":3.158829568e+09,"val/samples":99,"_timestamp":1.7740073425400302e+09,"train/lr":1.2790461946887662e-07,"val/loss":44.387343897964016,"_runtime":8707,"train/feature_norm_mean":77.99716186523438,"train/feature_absmax":5.356717109680176}