{"train/feature_norm_mean":1,"test/samples":111,"val/r2":0.09053194522857666,"train/loss":77.54133605957031,"test/mape":3.710085632e+09,"val/mape":7.689681408e+09,"train/grad_norm":104.1216250966544,"test/rmse":7.687580108642578,"val/samples":111,"train/loss_mean":62.37038675689697,"val/mse":54.12888717651367,"test/mae":6.308847427368164,"train/pred_absmax":10.391207695007324,"val/loss":54.128883568016256,"_wandb":{"runtime":3816},"iteration":1250,"test/r2":0.11011934280395508,"test/loss":59.098885166752446,"_runtime":3816,"train/loss_last":60.14820098876953,"_timestamp":1.7740024243940034e+09,"val/mae":5.962771892547607,"train/lr":1.2790461946887662e-07,"_step":136,"val/rmse":7.35723352432251,"train/feature_absmax":0.08832548558712006,"test/mse":59.09888458251953}