{"train/feature_absmax":0.08370610326528549,"train/feature_norm_mean":1,"train/pred_absmax":4.193979263305664,"_timestamp":1.7739537212182364e+09,"test/r2":0.32373136281967163,"val/loss":2.156968574266176,"train/grad_norm":6.258648792157271,"val/r2":0.3268829584121704,"_wandb":{"runtime":2562},"train/loss":2.876723289489746,"test/rmse":1.4465960264205933,"test/mape":2.69590784e+09,"val/samples":111,"test/mse":2.0926401615142822,"iteration":1250,"val/rmse":1.468662142753601,"test/mae":1.230684518814087,"test/loss":2.092640026195629,"train/loss_last":2.554436445236206,"_runtime":2562,"train/lr":1.2790461946887662e-07,"val/mape":2.894339584e+09,"val/mse":2.156968593597412,"train/loss_mean":2.4231633704185485,"_step":136,"val/mae":1.210392713546753,"test/samples":111}