{"_runtime":584,"val/rmse":Infinity,"val/r2":-Infinity,"val/mae":7.289030510542911e+22,"test/r2":-3.69664681050112e+14,"test/mape":5.726739741278208e+16,"test/rmse":3.4468636e+07,"train/loss":Infinity,"train/loss_last":Infinity,"val/samples":99,"val/loss":Infinity,"_wandb":{"runtime":584},"test/samples":99,"iteration":120,"val/mse":Infinity,"train/loss_mean":Infinity,"val/mape":9.928435791854972e+31,"_timestamp":1.7739125097299385e+09,"_step":23,"test/mse":1.188086738321408e+15,"test/loss":1.1880866813805538e+15,"train/lr":1.3815039801161708e-05,"test/mae":3.4322864e+07}