{"_wandb":{"runtime":6578},"val/loss":2.053891222886365,"_step":134,"_timestamp":1.773957315850263e+09,"val/r2":0.3537245988845825,"train/loss":1.1787128448486328,"val/mape":2.421415424e+09,"val/rmse":1.4331402778625488,"train/grad_norm":58.19560858061524,"val/mse":2.053891181945801,"train/feature_norm_mean":78.17031860351562,"_runtime":6578,"train/feature_absmax":5.555418491363525,"train/lr":1.2790461946887662e-07,"train/pred_absmax":6.174412250518799,"val/samples":99,"iteration":1250,"val/mae":1.1682838201522827}