{"val/r2":0.36600440740585327,"_wandb":{"runtime":5776},"test/rmse":1.621416449546814,"train/loss_mean":1.3188298381090164,"val/rmse":1.419459581375122,"train/grad_norm":44.29087980803268,"_runtime":5776,"_step":136,"test/r2":0.18200814723968506,"val/mae":1.1770353317260742,"test/samples":99,"train/loss":1.165258526802063,"val/mape":2.366573568e+09,"test/loss":2.628991312450833,"train/pred_absmax":6.242925643920898,"val/samples":99,"val/loss":2.0148655718023125,"test/mae":1.2565245628356934,"test/mape":2.701597952e+09,"test/mse":2.6289913654327393,"val/mse":2.0148653984069824,"train/loss_last":0.9484139680862427,"iteration":1250,"_timestamp":1.7739219861224332e+09,"train/lr":1.2790461946887662e-07,"train/feature_absmax":5.6610894203186035,"train/feature_norm_mean":78.27176666259766}