{"_wandb":{"runtime":520},"iteration":20,"_step":13,"_runtime":520,"train/loss_last":6.176058292388916,"val/mae":1.5754330158233643,"val/rmse":1.8720362186431885,"test/mae":1.6202236413955688,"test/mse":3.781240701675415,"val/loss":3.50451965043039,"val/r2":-0.10272872447967529,"train/pred_absmax":2.634490489959717,"test/rmse":1.9445412158966064,"val/mse":3.5045197010040283,"test/samples":99,"test/r2":-0.17650604248046875,"train/feature_absmax":5.436091423034668,"train/loss_mean":5.45799103975296,"train/feature_norm_mean":77.89213562011719,"val/mape":3.051313408e+09,"test/mape":3.716747264e+09,"val/samples":99,"test/loss":3.7812405162387424,"train/loss":2.9183950424194336,"train/lr":0.0004217827674798847,"train/grad_norm":69.83690751905701,"_timestamp":1.7739157170116506e+09}