{"val/mape":2.19345408e+10,"val/samples":99,"val/r2":-39.527591705322266,"train/loss_mean":7.0046234130859375,"test/samples":99,"val/loss":128.79843609742443,"val/mse":128.79843139648438,"train/loss":7.0046234130859375,"test/rmse":11.184283256530762,"_step":3,"val/rmse":11.348939895629883,"val/mae":10.962706565856934,"test/loss":125.08818732367621,"test/mse":125.08818817138672,"_timestamp":1.7739114176953726e+09,"test/mape":2.307658752e+10,"iteration":1,"test/mae":10.785706520080566,"train/loss_last":7.0046234130859375,"_runtime":137,"train/lr":0,"_wandb":{"runtime":137},"test/r2":-37.92029571533203}