{"_wandb":{"runtime":3750},"train/loss":75.97881317138672,"test/samples":111,"train/loss_last":60.83502960205078,"val/loss":53.32233535491668,"_step":136,"test/loss":58.830092421523084,"val/r2":0.10408353805541992,"test/r2":0.11416661739349365,"val/samples":111,"val/mae":5.889207363128662,"iteration":1250,"_timestamp":1.774002344289823e+09,"val/mape":7.813714432e+09,"train/pred_absmax":10.521815299987793,"train/grad_norm":3.937432120207221,"val/mse":53.32233428955078,"train/lr":1.2790461946887662e-07,"test/mae":6.258610725402832,"test/mse":58.83009719848633,"val/rmse":7.3022141456604,"train/loss_mean":69.01948928527833,"test/mape":3.536930304e+09,"test/rmse":7.670078277587891,"train/feature_absmax":0.08918038755655289,"_runtime":3750,"train/feature_norm_mean":1}