{"train/loss":NaN,"train/lr":0.000977057491445235,"_timestamp":1.7739118659879742e+09,"_wandb":{"runtime":105},"_runtime":105,"_step":12,"iteration":120}