{"train/lr":1.2790461946887662e-07,"val/r2":0.3675234317779541,"val/mse":2.026738166809082,"train/loss":2.7629804611206055,"train/grad_norm":0.4685896781263102,"test/mse":2.034414052963257,"_runtime":2552,"train/feature_norm_mean":1,"val/samples":111,"test/mape":2.840401408e+09,"_timestamp":1.7739534938019605e+09,"test/rmse":1.4263288974761963,"train/pred_absmax":3.984851360321045,"train/feature_absmax":0.08537638932466507,"train/loss_mean":2.546090403652191,"_step":136,"test/mae":1.2169952392578125,"_wandb":{"runtime":2552},"test/loss":2.034414182912122,"val/rmse":1.4236356019973755,"test/samples":111,"val/mape":3.13854592e+09,"val/loss":2.026738258095475,"test/r2":0.3425479531288147,"train/loss_last":2.5614447593688965,"iteration":1250,"val/mae":1.1696699857711792}