{"_timestamp":1.77400711046569e+09,"val/samples":99,"_wandb":{"runtime":8488},"_runtime":8488,"train/feature_absmax":6.26114559173584,"train/lr":1.2790461946887662e-07,"test/loss":200714.68071338383,"train/feature_norm_mean":78.24050903320312,"test/mae":444.03570556640625,"train/loss":32.196739196777344,"train/grad_norm":108.06578758254577,"test/mse":200714.6875,"val/mse":44.038047790527344,"test/rmse":448.0119323730469,"val/loss":44.03804405289467,"val/r2":0.3230940103530884,"iteration":1250,"test/r2":-3061.683837890625,"train/pred_absmax":24.907339096069336,"train/loss_mean":34.18068097076416,"test/mape":3.35117123584e+11,"val/rmse":6.636116981506348,"val/mape":3.1597568e+09,"test/samples":99,"train/loss_last":26.70630645751953,"val/mae":5.1555047035217285,"_step":136}